from_user_id,?column?
wmqDzZEwAA-rT6VchP6552KIyZVJiUMA,"「主教老师Angie：
@艾千然Cheyne妈妈 我们素质拓展单上」
- - - - - - - - - - - - - - -
好的，谢谢老师"
wmqDzZEwAAsphcuJ_DLg7oBXAX3e88jg,收到
wmqDzZEwAAGliRv1xV-m9nWpZ4G2VFOQ,收到
wmqDzZEwAAbsXp8IIXebEBtPq_didHXg,好的，谢谢Ice老师[玫瑰]
wmqDzZEwAAbsXp8IIXebEBtPq_didHXg,主要是Lucas随时关注着他的笃笃币呢，每周都要问[捂脸]
wmqDzZEwAATqG2TYYiKq9KC3DddyG4Tw,老师，这个打不开
wmqDzZEwAAjM9BdP-6QHtE7znCfwyLUQ,[鼓掌]
wmqDzZEwAAm9S1Ic5t4MoU4PPxtYtEXg,"素拓更改：
本次为美小阅读（《美国小学生阅读精选》四年级 Passage 3哦👆"
wmqDzZEwAAZj4YVQ-YVja6jKBIA0qtCw,这是crystal补作业
wmqDzZEwAACob5gVEA0TpVw-9sm61W-g,@所有人 以上是本周练习册需要使用的音频[爱心]
wmqDzZEwAArybfo0M64e3dIWdhAmZR-A,Daughter
wmqDzZEwAAIdYYJHAFF0K5TCv9DClnpg,收到
wmqDzZEwAACob5gVEA0TpVw-9sm61W-g,忽略以上信息@所有人 发错了[捂脸]
wmqDzZEwAACob5gVEA0TpVw-9sm61W-g,、
wmqDzZEwAACob5gVEA0TpVw-9sm61W-g,@所有人 以上是本周练习册需要使用的音频[爱心]
wmqDzZEwAAUa8a1MoOddRaxE5WnW0DUQ,预习的儿歌好像没有传
wmqDzZEwAATqG2TYYiKq9KC3DddyG4Tw,Henry 笔记，请老师查收
wmqDzZEwAAvD0oaXXMGzop094Tu82Klg,哇，太棒了。我也想来笃一上课
wmqDzZEwAAZj4YVQ-YVja6jKBIA0qtCw,以上crystal本周还课
wmqDzZEwAAkxe_oNRO6rS0tcdukqD1Ew,@主教Joline老师 我们来还笔记作业了[愉快]
wmqDzZEwAAF_VP2zRSo8XivVSm0y8r-Q,以上是Jayden本周的还课内容
wmqDzZEwAArDLdgfUtUw3La9cgnOQbJA,@班主任Reece 麻烦老师查收一下，谢谢
wmqDzZEwAAzv5bxryU-icyqpbEsx4xgw,收到，老师们辛苦了！[抱拳]
wmqDzZEwAAbsXp8IIXebEBtPq_didHXg,[偷笑]
wmqDzZEwAAP2iMecDlSqAfD4MF32PfNw,"各位家长朋友们晚上好@所有人  

昨天的课程中，我们围绕规则的意义对“没有规矩不成方圆”展开了深入探讨，通过英文绘本阅读，我们一起思考了“没有规矩是否可行”，学习了如何用英语制定规则、遵守规则。

与此同时，我们更用英语探讨了应对困难的方法，引导孩子们学会向值得信赖的人倾诉，懂得用不同角度思考问题，think differently, 更要明白“事缓则圆wait and see 的处世智慧——遇到事情不必急于求成，耐心等待往往能迎来圆满的解决。这份源自中国传统文化的人生哲理，已在孩子们心中悄然扎根。

此外，本堂课还介绍了英文书信的规范格式，并回顾了一个有趣的文化常识：“东西”这个词的由来，正是源于唐代长安城的“东市”和西市”

相信课堂播下的这些种子，将在未来的某一天，当孩子们面对挑战时，让他们忽然领悟“事缓则圆”的深意，从容坚定地走向自己的目标。这，正是教育最美的意义。

⬇以下是本周【素质积分表】【闯关三登记表】有任何问题请私信Jenny"
wmqDzZEwAAEJZ_uZDcy70PTaKzJzZAEw,各种哄，各种夸，我就说你们幼小衔接班不能上
wmqDzZEwAAP2iMecDlSqAfD4MF32PfNw,以下是本周奖牌榜展示[鼓掌]
wmqDzZEwAAP2iMecDlSqAfD4MF32PfNw,恭喜上榜的孩子们，看到大家开开心心地领奖真好[爱心]虽然只是一个小小的仪式感，但是对于孩子而言“被看见”胜过一切仪式感[玫瑰][加油]希望每一次的上榜都能提升孩子的自我效能感，帮助孩子从小成功走向大成就[鼓掌]
wmqDzZEwAAEJZ_uZDcy70PTaKzJzZAEw,一上大锦鲤真的
wmqDzZEwAAP2iMecDlSqAfD4MF32PfNw,上周的【闪光少年】是咱们班的所有同学[鼓掌][鼓掌][鼓掌]每个孩子都收到的Jenny老师给出的小小心意，我们班的孩子们真的闪闪发光，Jenny老师太为大家骄傲了[鼓掌][鼓掌][鼓掌][鼓掌]
wmqDzZEwAAP2iMecDlSqAfD4MF32PfNw,以下是本周小班长展示[鼓掌]
wmqDzZEwAAEJZ_uZDcy70PTaKzJzZAEw,听说读没有问题
wmqDzZEwAAS2_jC6oLDRM1_QULC2sgiA,太有意思了吧
wmqDzZEwAAFkADVapJzC60nkWoc_MGEQ,@德育班主任 Betty @主教Joline老师 余梦琪的笔记，请查收！
wmqDzZEwAAP2iMecDlSqAfD4MF32PfNw,"进行展示的是我们的Elsa和Elena[强][强]

两位小朋友的展示都超级流利！这背后肯定付出超级认真的努力，给两位宝贝点赞👍新的一周也要继续加油哦！@家妮 @Elsa 妈妈 "
wmqDzZEwAAP2iMecDlSqAfD4MF32PfNw,本周内容分享完毕，下次课请Elly，Eli，Jaden，Jack到Jenny处还课哦@付诗芮Elly家长 @周九金-EIi的妈妈 @Jaden妈妈 @Jack欧徐翊植爸爸 
wmqDzZEwAAP2iMecDlSqAfD4MF32PfNw,"新周继续加油喔，让我们笃行不怠，一以贯之，绵绵用力、久久为功！
孩子们，咱们下周见喔！
 @所有人"
wmqDzZEwAAP2iMecDlSqAfD4MF32PfNw,"各位家长、同学晚上好~[爱心]

今天课堂上我们攻克了一个大难关——过去完成时态，但其实在此之前咱们已经浸润过非常多次，所以在这次正式讲解时，很多同学都能很快反应什么是过去的过去，have的助动词用法也已经非常熟练，同时Jenny也惊叹于咱们班同学的课堂效率，课上马上就记忆了非常多的短语和新词[强][强][强]

特别要表扬全班同学，这次课的表现也是超级好哦！不仅课堂听课效果好，闯关二更是有9人拿到了满分，没有满分的同学也是7分、8分、高分的情况，过去完成时这么难的语法能达到这个理解水平很不容易哦！给大家点赞👍[加油]@所有人 "
wmqDzZEwAAP2iMecDlSqAfD4MF32PfNw,以下是本周素质积分表和闯关三细节登记表，请查收哦
wmqDzZEwAAP2iMecDlSqAfD4MF32PfNw,"下次课请AdaL ，Ada Z，Anna，Celia到Jenny处还课哟
@Ada妈妈 @Ada Z妈妈 @Anna妈妈 @Celia妈妈 "
wmqDzZEwAAP2iMecDlSqAfD4MF32PfNw,由于上次课程未进行闯关，所以本周无奖牌榜[爱心]Lily同学的小班长展示会在下次全L7阶小班长视频中进行展示[爱心]
wmqDzZEwAAEJZ_uZDcy70PTaKzJzZAEw,读就是不得行
wmqDzZEwAAP2iMecDlSqAfD4MF32PfNw,"由于上周是戏剧节演出活动，本周没有孩子们奖牌榜。感谢大家的理解与支持！从本周起，孩子们的各项学习安排与班级常规将全面恢复正常。让我们一起稳步推进，继续陪伴孩子踏实成长哦！

咱们小Lily的小班长展示也会在下周L7阶的小班长中进行集体展示@小Lily妈妈 📚✨"
wmqDzZEwAAQ22asSr1_oiD-gIoiwskcA,收到
wmqDzZEwAACob5gVEA0TpVw-9sm61W-g,@韩学仕Henry妈妈 乖乖的笔记真的完成的超级好！Henry每一次在课堂上做笔记的时候都超级认真、细心[爱心]下周的小班长展示也要提前练起来哦[加油]
wmqDzZEwAAP2iMecDlSqAfD4MF32PfNw,积分表更新
wmqDzZEwAAcchD3OK0SkSo5iFM4m0FVQ,好的
wmqDzZEwAArfsRSq92u6cmFF30RVoQUg,收到
wmqDzZEwAATqG2TYYiKq9KC3DddyG4Tw,收到
wmqDzZEwAACob5gVEA0TpVw-9sm61W-g,好滴～
wmqDzZEwAAFZPfAwC1RLRubEcgt3ttXw,[月亮]
wmqDzZEwAATnKtxt6gT7bhQ1t5iTbX7A,[擦汗]
wmqDzZEwAAAPBQsFePqvanG14wUrKsPw,华特迪士尼介绍（下周现场背诵闯关哦）↑
wmqDzZEwAAAPBQsFePqvanG14wUrKsPw,闯关二讲解↑
wmqDzZEwAAAPBQsFePqvanG14wUrKsPw,本期素拓带读↑
wmqDzZEwAAAPBQsFePqvanG14wUrKsPw,美小Passage 27↑
wmqDzZEwAAAPBQsFePqvanG14wUrKsPw,口语挑战↑
wmqDzZEwAAAPBQsFePqvanG14wUrKsPw,有余力部分↑
wmqDzZEwAAAPBQsFePqvanG14wUrKsPw,下周口语小班长为Yuki（华特迪士尼）Vicky（口语挑战A或B），请两位小朋友做好准备哦~ @🧧YUKI妈妈 @Vicky李芷睿妈妈 [爱心][爱心]
wmqDzZEwAAiKQBia_DIs3N030hy4C5Vw,收到，谢谢陈老师！
wmqDzZEwAAEkvtNuFqHR0x_PWq_RnojQ,好的，谢谢Joline老师
wmqDzZEwAAAPBQsFePqvanG14wUrKsPw,本周笔记小班长Cherry表现非常棒！重点突出，逻辑清晰！Cherry小朋友的笔记一直都是班级的模范哟，小朋友们可以多多参考，向Cherry小朋友学习[玫瑰]@杨诺西Cherry妈妈 
wmqDzZEwAAAPBQsFePqvanG14wUrKsPw,"孩子们让我们：
“笃行不怠，一以贯之。
绵绵用力，久久为功”
咱们下周见咯。"
wmqDzZEwAAEJZ_uZDcy70PTaKzJzZAEw,赶出来了
wmqDzZEwAAPu-fXDtcu8FqwCE3moOfsQ,[强][强][强]
wmqDzZEwAAQl5mn4Ba125DtpMxUjWY_g,好的
wmqDzZEwAAEJZ_uZDcy70PTaKzJzZAEw,班风没有拖后腿了吧
wmqDzZEwAAEJZ_uZDcy70PTaKzJzZAEw,[冷汗]
wmqDzZEwAA63BT-xkIx_Ufx8s3ge6AEA,但是他没有表演这个，表演了朗诵古诗
wmqDzZEwAAPsso6tzXFdgn-JZubcAAtw,收到
wmqDzZEwAA63BT-xkIx_Ufx8s3ge6AEA,嗯嗯
wmqDzZEwAAEJZ_uZDcy70PTaKzJzZAEw,明天发你上周作业和视频[得意][得意]
wmqDzZEwAAEJZ_uZDcy70PTaKzJzZAEw,我家魔丸辛苦你了
wmqDzZEwAACob5gVEA0TpVw-9sm61W-g,@Jenny张积妍萱妈妈 乖乖现在出来，麻烦妈妈在二楼出口等孩子
wmqDzZEwAAvYW_NEXNNFTzaJo7YzvOOQ,好的
wmqDzZEwAACob5gVEA0TpVw-9sm61W-g,Jimmy作业补完了
wmqDzZEwAAEJZ_uZDcy70PTaKzJzZAEw,写字课老师是一天哄着他上课[尴尬]还灵珠
wmqDzZEwAACob5gVEA0TpVw-9sm61W-g,@🎀彭 Jimmy也出来啦
wmqDzZEwAAEJZ_uZDcy70PTaKzJzZAEw,Ice，咨询一下，升班后学生人数会变不
wmqDzZEwAAEJZ_uZDcy70PTaKzJzZAEw,有没有小班制的人少点的
wmqDzZEwAACob5gVEA0TpVw-9sm61W-g,@Lucy 侧面要贴好L3回本备用课绘本
wmqDzZEwAAEJZ_uZDcy70PTaKzJzZAEw,我担心的是我崽崽笔头跟不上，其他随意[偷笑]
wmqDzZEwAAEJZ_uZDcy70PTaKzJzZAEw,我哥哥就是笔头差
wmqDzZEwAAcchD3OK0SkSo5iFM4m0FVQ,好的，lauren老师，我们加油
wmqDzZEwAAEJZ_uZDcy70PTaKzJzZAEw,好嘞
wmqDzZEwAAEJZ_uZDcy70PTaKzJzZAEw,你确定？
wmqDzZEwAAEJZ_uZDcy70PTaKzJzZAEw,他才中班[尴尬]
wmqDzZEwAAEJZ_uZDcy70PTaKzJzZAEw,再来一年，也才大班[尴尬]
wmqDzZEwAAEJZ_uZDcy70PTaKzJzZAEw,咋个算一年半才到一年级
wmqDzZEwAAEJZ_uZDcy70PTaKzJzZAEw,我娃就这样被哥哥姐姐拖起走了[色]
wmqDzZEwAAEJZ_uZDcy70PTaKzJzZAEw,没事，这样刚好，二段上是自然拼读，学完刚好去整拼音
wmqDzZEwAAEJZ_uZDcy70PTaKzJzZAEw,[得意]
wmqDzZEwAAEJZ_uZDcy70PTaKzJzZAEw,[得意]
wmqDzZEwAAJBvtlAGzNFOK8B8Hwhw-JA,家长自己做的下雨🌧️
wmqDzZEwAAJBvtlAGzNFOK8B8Hwhw-JA,全套太用心了
wmqDzZEwAAtgOJnV3TPj-kBz8_tG9A9A,有没有老师在B区看到一根弯弯的木头棍子呀
wmqDzZEwAA1FalQgcH_X7RHzoHDhYUTw,哈哈哈哈哈哈哈哈
wmqDzZEwAArq6mFu9D-8V-g7INfxP_zg,老师，张宸影今天请假。
wmqDzZEwAAZch0oKEp4PljHfsPLTcoIA,老师，请Louis如果结束到阅读区找我
wmqDzZEwAAc16hpfbB4eqotLn78OLR-w,好的
wmqDzZEwAAaVq6hxhlpIKb91GAum52HQ,@德育班主任 Lucy老师  Lucy老师，一会Daniel录完让他自己出来找我，他知道我在阅读区等他的。
wmqDzZEwAAqu_btcYwe-T1uUAnTzVHrw,老师，请问雷双瑜出来了吗
wmqDzZEwAA63pup9ZFGL9pjtEhZJBwRg,Ice老师，今天下午我想守着杨丰全学习一下[呲牙][呲牙][呲牙]，想和老师请假一次[抱拳][抱拳][玫瑰][玫瑰]
wmqDzZEwAACob5gVEA0TpVw-9sm61W-g,哈哈哈哈秋宝这个造型太乖咯
wmqDzZEwAAzBtNVS3UknEvIXoEBUq_PQ,[偷笑][强][强][强]
wmqDzZEwAAYYFTWozj8r88xx9K-Uqytg,"「Celine老师：@Yanis妈妈 @Yanis爸爸 以上是本周的拍一拍小班长Yanis宝贝哦~宝贝的展示全程非常流畅，而且语音语调非常标准，太棒啦，期待其他小朋友的精彩展示咯[爱心]」
- - - - - - - - - - - - - - -
谢谢老师 继续努力[哇][加油]"
wmqDzZEwAA-VhYbEuqacsxOcAzpet3Kg,好的
wmqDzZEwAA63pup9ZFGL9pjtEhZJBwRg,[抱拳][抱拳][呲牙][呲牙]谢谢Ice老师[玫瑰][玫瑰][玫瑰]
wmqDzZEwAA9K6cvknhoI05tSQAjdRSNQ,他已经去学校了，谢谢Ice老师的关心[微笑]
wmqDzZEwAAjgLKOn2N4_eMPOdAb1Y9VA,她进来啦
wmqDzZEwAA9K6cvknhoI05tSQAjdRSNQ,好的，因为现在孩子多了，老师也顾不过来，自己不够努力和优秀，慢慢就找不到归属感，然后越来越堕落了[捂脸]
wmqDzZEwAA41mrO7aI-5it3KFV0pLQpg,收到
wmqDzZEwAA4ncsHfevGak1ssThOzr84w,ice你好，这个登陆之后班级不对诶
wmqDzZEwAAzvFg_qE8-o07TORbV-7cOw,Sofia的作业
wmqDzZEwAAu_Sm-QnSciwiiE2oqDc5IA,。
wmqDzZEwAAz6Ss8p29iJaVnn-jmNIjlA,好的哟
wmqDzZEwAAbGfaUTzxh69FJcETsKxaTA,收到
wmqDzZEwAA9K6cvknhoI05tSQAjdRSNQ,不是吃饭的时候，是差不多10点，到下午1点一直在家里吼不想去学英语
wmqDzZEwAA9K6cvknhoI05tSQAjdRSNQ,就请了一次假啊，是因为他爷爷在遵义ICU住院，有一次带他回去看爷爷
wmqDzZEwAA4ncsHfevGak1ssThOzr84w,好的。谢谢
wmqDzZEwAAHISvskyRvW0OtvSQWzCTDg,【未知消息类型】
wmqDzZEwAAz6Ss8p29iJaVnn-jmNIjlA,Ice老师 一会我们在哪里等您呀[愉快]
wmqDzZEwAAz6Ss8p29iJaVnn-jmNIjlA,他晓不晓得您的办公室呀
wmqDzZEwAAtPvQJ_S4z3NGCt1t6EDNqA,【未知消息类型】
wmqDzZEwAAS3g15hU2uh0asmSu2DIVaw,以下是需要预习的歌曲和浸润的歌曲，下次课我们要学习【职业】啦～但是我们会去到很神秘的地方，先卖个关子，大家好好预习[坏笑]
wmqDzZEwAAuje3Q0Wl8MLp_CqcLslsMg,@德育班主任Kathy 老师，大概几点钟？
wmqDzZEwAAS3g15hU2uh0asmSu2DIVaw,所有孩子已离校～
wmqDzZEwAA9K6cvknhoI05tSQAjdRSNQ,谢谢Ice老师百忙之中，还在关心这个事了
wmqDzZEwAAz6Ss8p29iJaVnn-jmNIjlA,我们现在进来可以不？
wmqDzZEwAAS3g15hU2uh0asmSu2DIVaw,-----分割线-----
wmqDzZEwAAz6Ss8p29iJaVnn-jmNIjlA,[破涕为笑][破涕为笑][破涕为笑][破涕为笑]
wmqDzZEwAAS3g15hU2uh0asmSu2DIVaw,"各位家长好[太阳]@所有人  

今天我们使用【Level3 Activity Class5 活动手册5】

具体内容如下👇🏻
✅新学：
【At the Supermarket】的所有词汇：cucumber-soap
✅新学口语表达：
【Home Challenge 家庭调整--- My Week】
✅练习的主要句型是：
-What's this/that? 
-What do you like/see？

活动课除了复习已学主题【Animal动物】【时间+星期表达】【日常活动表达】，利用新学【At the Supermarket】单词滚动练习句型外，也有独特的德育时间[庆祝]Lucy老师和孩子们共读了《小吃货Dudu怎么了？》，希望孩子们能够养成良好的饮食习惯，不暴饮暴食的同时，均衡膳食
（*三明治食育课时，老师们观察到有部分孩子会有挑食的情况，爸爸妈妈们可以借用此次机会，培养孩子们的合理膳食，均衡膳食的意识哦～）

今天的句子中再次出现了动词三单小尾巴和名词复数小尾巴，大家一定要区分开来，不要读漏或者读错咯～

新的一周，我们继续绵绵用力，久久为功～"
wmqDzZEwAAS3g15hU2uh0asmSu2DIVaw,"以上是本周的【指读视频】和需要复习的歌曲，本次涉及到一些可数名词和不可数名词的区分，课上已经和孩子们强调过了。因为现阶段只是浸润可数和不可数的概念。如果孩子们还是不清楚的话，也没有关系，后面我们会系统学习～大家按照视频句型指读即可[玫瑰]

今天的单词略有难度，孩子们要加强练习哦～"
wmqDzZEwAAS3g15hU2uh0asmSu2DIVaw,"「Zoe老师：[文件]Activity Lesson 5 Station 1 Class Challenge.MP3」
- - - - - - - - - - - - - - -
以上是本次课需要的录音[爱心]这条录音是May的一周活动介绍音频，本次填空内容看似较多，其实孩子们填空的地方主要是针对时间、星期、活动。大部分内容都是我们在第六单元学习过的。如果不熟悉的孩子们，建议把第六单元所有内容复习一遍[爱心]但是今天要表扬孩子们书写对比之前真的进步了特别特别多[强]继续加油继续提升[加油]

口语展示，不需要【逐字逐句】展示！！孩子们可以在我们完成的内容中，挑选部分句子进行视频拍摄和介绍即可～[玫瑰]

虽然内容是学过的，但是从词和句转化成段落的练习，难度也是成倍增长了。爸爸妈妈们在家辅导时，需要给到孩子们耐心和时间去消化哦[拥抱]"
wmqDzZEwAADpTjBY1SImOVc2TutJti-A,Alice乖乖的环保服饰👗，超级棒，10个笃笃币到账哈[偷笑][偷笑]@张严文Alice妈妈 @德育班主任 Ice 
wmqDzZEwAAS3g15hU2uh0asmSu2DIVaw,以上是本次活动课的【词句复习】，前几个单元孩子们都掌握得很棒[强][爱心]大家继续复习哦～
wmqDzZEwAAz6Ss8p29iJaVnn-jmNIjlA,嘚瑟
wmqDzZEwAAz6Ss8p29iJaVnn-jmNIjlA,好不值钱的笑[捂脸][捂脸]
wmqDzZEwAAS3g15hU2uh0asmSu2DIVaw,这次的【指读小班长】是Leila和Doris乖乖，小朋友们今天表现超超超超好，请做好准备，准备好自我介绍，带领全班指读并且到笃一电视台录制哟[加油][加油][加油]@Leila小鱼儿妈妈 @王章暶妈妈
wmqDzZEwAAyTzHwAmx1qohWTPxfRRu_g,@笃一教育 Vivian老师 hihjy&iu
wmqDzZEwAAcwYphJPDPqW8cUsRTgxmvg,@主教老师Reece 谢谢老师，用妈妈旧衣服改造的[呲牙]
wmqDzZEwAAuje3Q0Wl8MLp_CqcLslsMg,好的👌
wmqDzZEwAADpTjBY1SImOVc2TutJti-A,太赞咯 不注意看都看不出来[偷笑][偷笑][偷笑]
wmqDzZEwAAARxo5NWOErF91hWXtXwz2w,【未知消息类型】
wmqDzZEwAAcKgLKuHI1dWSh9ZuG_NU9w,Ice
wmqDzZEwAAUhiCv_9hbM8_afZezooQkw,@德育班主任Tanya 谢谢Tanya老师[玫瑰][玫瑰]
wmqDzZEwAAS3g15hU2uh0asmSu2DIVaw,"「Zoe老师：今天需要重新录制单词闯关的小朋友有：Simon、Jenny、Emily、Luca；全被Zoe抓到啦！单词比较难、四位小朋友今天必须重新在家练习然后发视频给我哦[加油]」
- - - - - - - - - - - - - - -
已收到所有孩子的展示[爱心][玫瑰][玫瑰][玫瑰]"
wmqDzZEwAA63pup9ZFGL9pjtEhZJBwRg,好的
wmqDzZEwAAMtPahM4S3xjqyqt-HGC9Rw,Jenny老师，一会下课了，麻烦给孩子说她爸爸在加油站等她哈，谢谢。
wmqDzZEwAALW1nXtla_hiO6eBTHYrfJQ,[呲牙]
wmqDzZEwAAzvFg_qE8-o07TORbV-7cOw,[捂脸][捂脸][捂脸]
wmqDzZEwAAuDR2dFlognZ_sh-p-278fA,"A2,C区AP已到岗，老师们需要帮忙可以叫我"
wmqDzZEwAAzvFg_qE8-o07TORbV-7cOw,周六可以早点下来可以吗
wmqDzZEwAAMbZWmUliUiqhprolJNUlYQ,锦鲤35班新报名钟楚馨，没有英文名，是Melody推荐的，她俩以前是乐宁的同学，然后下周进班上课，辛苦宝子联系一下哈
wmqDzZEwAAMbZWmUliUiqhprolJNUlYQ,我找你发教材就是发给她家看滴
wmqDzZEwAAzvFg_qE8-o07TORbV-7cOw,她在托管班的要晚上8点才回来[捂脸][捂脸][捂脸]
wmqDzZEwAAzvFg_qE8-o07TORbV-7cOw,您周六有时间吗
wmqDzZEwAAYDaUrf6lZN_12XlukgJiGg,谢谢老师们的耐心教导～我们继续努力[加油][加油]
wmqDzZEwAA-X2l4uWA1A4nFK-0Rvb21Q,好的
wmqDzZEwAAdEakk82o_OEZRye_9B9O1Q,好的，谢谢Lauren提醒
wmqDzZEwAAvIi5aOtLJ3D2SIanhbadWw,"@艾千然Cheyne妈妈 
我们抄写单词，在英语簿上，一个英文单词写5遍（如果一排口语多写几个也可以），中文写一遍在这一排下面
句子的话，三遍英文，一遍中文"
wmqDzZEwAAvIi5aOtLJ3D2SIanhbadWw,"@艾千然Cheyne妈妈 
我们抄写单词，在英语簿上，一个英文单词写5遍（如果一排可以多写几个也可以），中文写一遍在这一排下面
句子的话，三遍英文，一遍中文"
wmqDzZEwAA-rT6VchP6552KIyZVJiUMA,收到，谢谢老师
wmqDzZEwAAvIi5aOtLJ3D2SIanhbadWw,[愉快]客气啦！
wmqDzZEwAAYVgwCu2Xg-FF9zV_Za1l_g,lauren老师，听写感觉有些不是素拓上的单词是不？
wmqDzZEwAAUsuFN_HXdJ8HId5zF9Q6Dw,收到
wmqDzZEwAAJGnaoc4c6M-_bLHpxG92UA,好的，收到
wmqDzZEwAApyM6Q9HzYR5n8fe9iXotkQ,"「德育班主任 Cici：
👇下次课闯关三名单安排如下：

Patrick老师处：
Jack@周锦瑞Jack妈妈 
Lucas @姜北辰Lucas  
Shawn @谢彧宥Shawn妈妈  
Yuta @况政禹Yuta妈妈 

Cici老师处:
Devin @田登文 Devin 妈妈 
Jennie @邱贞瑀Jennie妈妈 
Lavinia @秦子媛Lavinin妈妈 
Janet @杜嘉怡JANET妈妈  」
- - - - - - - - - - - - - - -
收到"
wmqDzZEwAAUlfWfVIutuRMvhsgitWaCg,@德育班主任 Nico   我们是星期六[捂脸]
wmqDzZEwAAnE7l0xaH1S3i_0WkUJdTxg,@班主任Reece 老师麻烦给朱睿勋开一张放行条哈！我楼下接他
wmqDzZEwAAm5Bu-5eNjdYJsiPuJHvbog,@主教老师Chris 收到
wmqDzZEwAAMbZWmUliUiqhprolJNUlYQ,凤凰27班新报名吴佩霖Winnie，女孩，下周进班上课，安排了3次自然拼读衔接课，还在对接老师，安排好了同步给你，辛苦联系一下
wmqDzZEwAAlsfbl6V6tsIxK1O5FABZTg,Fiona和Ashe报备下课后用心课+家校沟通 复盘会晚到
wmqDzZEwAAX8PyeKUSq1v5FHVHKw95sA,好呢，谢谢Ice[666][666]
wmqDzZEwAAMbZWmUliUiqhprolJNUlYQ,爱你
wmqDzZEwAAxudCrPMl_iuwQ9cyWufX4g,收到
wmqDzZEwAAK_4xpfBn8oYBzdVsryhvxQ,我通过了你的联系人验证请求，现在我们可以开始聊天了
wmqDzZEwAAMbZWmUliUiqhprolJNUlYQ,辛苦啦
wmqDzZEwAAbQ0Ao4T-MXZ2ICWG0Vdubg,收到
wmqDzZEwAAWYPJbZcUazbaE0h2QrnBbw,收到
wmqDzZEwAA4cD8K7kQho19PxoJyNKW5g,"本周开始我们正式开始系统学习现在进行时，需要孩子们花大量时间反复练习才能掌握。拜托辛苦家长们督促孩子们每天练习，假以时日积沙成塔。

学唱英语歌曲是学习语言的重要途径，通过唱歌，可以帮助孩子们学习语音、语调、语法等语言知识,提高儿童的语言能力。歌词简单易懂，旋律优美动听可以激发孩子们的学习兴趣，让他们在轻松愉快的氛围中学习。

所以本周的课程非常轻松好玩，孩子们学习了五首关于现在正在进行时的歌曲，本周的闯关3也是歌曲的练习。

新周继续加油喔，让我们绵绵用力、久久为功！下周见孩子们！

孩子们本周一定多多模仿跟唱，下周我们集体要上“笃一电视台”的小班长频道！[爱心] @所有人 "
wmqDzZEwAA4cD8K7kQho19PxoJyNKW5g,以下是本周所需音视频资料：
wmqDzZEwAAZjv09_n6PG6V8ahzC8AV1w,收到
wmqDzZEwAA4cD8K7kQho19PxoJyNKW5g,BM2-P2-3-4 示范讲解↑
wmqDzZEwAA4cD8K7kQho19PxoJyNKW5g,补充视频：Lemon Tree↑
wmqDzZEwAAYVgwCu2Xg-FF9zV_Za1l_g,是专门为了练自然拼所以没有百分百把单词放素拓里面是不？
wmqDzZEwAARPA_Uk1xOrea9UUFa-aUhQ,@教务老师Demi 出来了吗？
wmqDzZEwAA4cD8K7kQho19PxoJyNKW5g,补充视频：Who is playing in the sand on the beach today↑
wmqDzZEwAA4cD8K7kQho19PxoJyNKW5g,BM2-1 闯关2讲解↑
wmqDzZEwAA4cD8K7kQho19PxoJyNKW5g,美小生词认读Passage 12 ↑
wmqDzZEwAA4cD8K7kQho19PxoJyNKW5g,L5-BM2-1 素拓带读↑
wmqDzZEwAA4cD8K7kQho19PxoJyNKW5g,"下周小班长为：
口语小班长1：Rosa @rosa妈妈  （Who is playing in the sand on the beach today）
口语小班长2：Sherry @Sherry妈妈 （Lemon Tree）
请好好准备哦~[玫瑰]"
wmqDzZEwAA4cD8K7kQho19PxoJyNKW5g,新的一周，让我们继续“笃行不怠，一以贯之。绵绵用力，久久为功！” 咱们下周见！[太阳]
wmqDzZEwAAm9r3EPJF8U2FVys3TvgHJg,老师李梓墨放学了吗？@班主任Reece 
wmqDzZEwAAK_4xpfBn8oYBzdVsryhvxQ,谢谢老师，下周见哦[愉快]
wmqDzZEwAAm9r3EPJF8U2FVys3TvgHJg,好的谢谢
wmqDzZEwAA8l6OTh5HHZ75pJOL4mq_8w,Elsa和Panda出来了没@德育班主任老师Jenny 
wmqDzZEwAAkRvoxIaAlwzO-9mAVuLC4A,@德育班主任老师Jenny 请问Tara多久出来
wmqDzZEwAAkRvoxIaAlwzO-9mAVuLC4A,@Chenggy Tara已经出来了，她让我给您说一声
wmqDzZEwAA8l6OTh5HHZ75pJOL4mq_8w,谢谢老师
wmqDzZEwAAolO-IdicaZJlSU1TugV1sA,Jaden出来了吗？@教务老师Demi 
wmqDzZEwAASJcNm5mJNlQ_3cELt_OEsA,麻烦老师，让曾昭媛自己出来哦
wmqDzZEwAAgFUDSPsqEe-qFLLlXJ-kAg,收到，老师。@主教老师Jade 
wmqDzZEwAAfAatp_KfxN61kmryJYkMug,收到
wmqDzZEwAASJcNm5mJNlQ_3cELt_OEsA,好的，谢谢老师
wmqDzZEwAAeAwuFybbiqw5mA36NvYJzg,哦，好的，明白
wmqDzZEwAAP2iMecDlSqAfD4MF32PfNw,@所有人 除了Cherry，其他孩子已离校[爱心]
wmqDzZEwAA9s4oFXCtunxAeZCeK1DUag,老师们的复盘表在桌上，如果本周正常进行了带教就正常填写，周三下班前交即可@何沐秋 Jackson   @吴奕瑾 Eki  @Leah 余子涵  @Jerry 万小玉
wmqDzZEwAAfKUmTk_4EHp52Gk_9IDVzw,收到～
wmqDzZEwAAJzVkzLJ92sqHfgCNFpfNZA,收到～
wmqDzZEwAAhksil-WFrMcXhh80MnSiWg,"「李雪 Mia：
下周的【指读小班长】是Eric和Esme ，请两位小朋友做好准备，准备好自我介绍，带领全班指读并且到笃一电视台录制[加油]@高浚芃Eric妈妈 @谢云桐+esme+妈妈

【笔记小班长】是Henry，下次课前记得发送本次课bakery-sailor的句子，完成【6星句子】笔记后全部拍照发送至班群，给Mia检查哦[爱心]@韩学仕Henry妈妈

笃一戏剧嘉年华活动集章时间还有一周，孩子们冲刺集章啦，加油！

以上，分享完毕[爱心]
希望孩子们继续保持Perseverance&Being Persistence」
- - - - - - - - - - - - - - -
收到[抱拳]"
wmqDzZEwAAlDEE7qFerVC8HkTn1aW3Ag,收到~
wmqDzZEwAAyzQS4pKJXtIL58d6Fmn_LA,"温馨提醒本周行课检查内容[爱心]
主教：
1、评语
2、还课质量检查表
3、双师配合
4、家校联系表填写
5、教学进度在线文档填写

班主任：
1、课前提醒
2、素质积分表
3、素质积分表规范（1⃣️积分表必须体现班级名 2⃣️需➕“戏剧节专属章”一栏，）
4、小麦消课
5、素质积分表极空间上传【教务核算版本】
6、家校联系表检查
7、还课质量检查表
9、常规宣传
10、补课情况填写：12.10-12.14所有信息补充和待定的更新+12.17-12.21（姓名、班级）


有问题提前问提前报备[抱拳][抱拳]"
wmqDzZEwAAvsLIDrsLZyycz6h--TeXHg,收到～
wmqDzZEwAACob5gVEA0TpVw-9sm61W-g,才看到信息[捂脸]
wmqDzZEwAACob5gVEA0TpVw-9sm61W-g,明天一定
wmqDzZEwAALW1nXtla_hiO6eBTHYrfJQ,收到
wmqDzZEwAAz6Ss8p29iJaVnn-jmNIjlA,哈哈 好的 谢谢啦
wmqDzZEwAACob5gVEA0TpVw-9sm61W-g,"家长朋友们下午好[太阳]@所有人  

今天我们使用【Level3 Unit3】课本的第二课【I can do a lot of things at school】学习的单词为art-guitar，练习的句型为：
✅新学词汇：art-guitar
✅新学句型：
-What do you learn?   -I learn... -What do you play?   -I play(the)...

今天Mia要给孩子出色的表现点一个大大的赞！[强]课上明显感受到孩子们用心预听了儿歌，对儿歌的熟悉度非常高，大家都快速进入了学习状态[加油]所以今日课堂上孩子们对新的单词和句型吸收得很快，课堂回答问题和参与度都很积极哦～希望孩子们继续保持良好的预听习惯！

之前课堂上我们认识了【名词复数小尾巴“s”】，但今天闯关时，很多小朋友忘记把小尾巴读出来啦~爸爸妈妈在家中复习的时候，可以提醒孩子们2个以上的物品会长出小尾巴，一定要把小尾巴“s”读出来～或者在书上单独圈出小尾巴，以作提醒[玫瑰]

今天课堂上也认识了【保镖the】，同时也对名词的概念和代号进行了学习，可以问问孩子们为什么在乐器前面要加上the哦~

在【文化力】方面，本周我们拓展了各个领域杰出的人才，认识了肖邦、郎朗、梵高、科比、梅西。了解了他们的故事的同时孩子们意识到这些厉害的人都是从小就坚定了自己的梦想，并为此付出了努力～同时也给大家留了个课后小任务，就是在我们的《素养手册》第22页，孩子们需要写下自己喜欢的事情，想成为的人，和为之需要付出的努力。不会写字的宝贝们可以通过画画的方式，或者请爸爸妈妈们帮忙[呲牙]

Mia也希望孩子们可以从今天开始，为了自己的梦想付出实质性的努力，每天进步一小点最后成为闪闪发光的自己哦~✨就像我们的校训一样：“笃行不怠，一以贯之 。Perseverance & Being persistent”[爱心]"
wmqDzZEwAACob5gVEA0TpVw-9sm61W-g,以上是需要复习的歌曲~
wmqDzZEwAACob5gVEA0TpVw-9sm61W-g,以上是本次课需要复习的指读视频~
wmqDzZEwAACob5gVEA0TpVw-9sm61W-g,以上是字母时间~请孩子们边拼读边找字母组合哦~
wmqDzZEwAAm9S1Ic5t4MoU4PPxtYtEXg,"[玫瑰]下次请Cookie，Hanson，Irene，和Vivian来Chenggy老师这里还课哦！

 @cookie爸爸  @Hanson妈妈  @Irene 妈妈  @Vivian妈妈"
wmqDzZEwAAm9S1Ic5t4MoU4PPxtYtEXg,"以上，分享完毕

孩子们下周见了哦[跳跳]"
wmqDzZEwAAm9S1Ic5t4MoU4PPxtYtEXg,@所有人
wmqDzZEwAACob5gVEA0TpVw-9sm61W-g,"下周的【指读小班长】是Heaven和Hanhan，请两位小朋友做好准备，准备好自我介绍，带领全班指读并且到笃一电视台录制哟[加油][加油][拳头][拳头]                                                                                                      笃一戏剧嘉年华活动集章时间还有一周，孩子们冲刺集章啦，加油！[庆祝][拳头]
希望孩子们继续保持Perseverance&Being Persistence                                                                                以上，分享完毕[爱心]"
wmqDzZEwAACob5gVEA0TpVw-9sm61W-g,@Heaven妈妈 @吴泳涵Hanhan爸爸 
wmqDzZEwAA3dNy9N0axs5vvHRVodzHew,收到，Mia老师🫡
wmqDzZEwAAFZPfAwC1RLRubEcgt3ttXw,[可怜] 可怜可怜，可怜可怜我吧lce
wmqDzZEwAAtgOJnV3TPj-kBz8_tG9A9A,"家长们晚上好～🥰

今天是我们【职业】主题的第三课，今天上课感觉宝贝们对职业的词汇掌握得越来越牢固啦。😌对于我们之前学的""I see a...""和“He/She is a...”大多数孩子都能够熟练的运用了。但是这周宝贝们对之前学过的颜色和时间相关句型已经有点遗忘了，我们的 ""I like...""和""My favorite color is..."" 以及“It's ... o’clock.”家长们还需要不断带孩子们滚动练习，帮助孩子们记得更牢运用得更熟练哦！

今天给宝贝们分享的是著名教育家、哲学家亚里士多德的一句话：“Those things that we do repeatedly every day make us. Then you will find that excellence is not a behavior, but a habit.  是那些每天反复做的事情造就了我们。然后你会发现，优秀不是一种行为，而是一种习惯。”

我们在Level 2上课已经快两个月啦，也已经养成了每周回家的素质拓展练习以及展示的习惯。这些都是我们走向优秀的见证，新的一周继续加油呀！✊🏻本周的纸质素质拓展单已放在文件夹中，辛苦大家及时查看素质拓展单和儿歌视频，避免文件被自动清理啦~咱们下周见哟！

新的一周，继续笃行不怠，一以贯之，绵绵用力，久久为功。Perseverance & Being persistent。@所有人  "
wmqDzZEwAACob5gVEA0TpVw-9sm61W-g,下周日我们锦鲤19班会有【返场表演】，我们节目内容也会增加【合唱】，下面这首歌曲，孩子们一定要非常非常非常熟悉才行[偷笑]@所有人 
wmqDzZEwAAtgOJnV3TPj-kBz8_tG9A9A,以上是本周需要复习的整个【职业】单元的儿歌～下周是复习课，所以没有要预习的儿歌，家长们请一定抓住这个机会带孩子们多多复习哦！
wmqDzZEwAAtgOJnV3TPj-kBz8_tG9A9A,以上是本周需要复习的整个【职业】单元的儿歌～下周是复习课，所以没有要预习的儿歌，家长们请一定抓住这个机会带孩子们多多复习哦！
wmqDzZEwAAtgOJnV3TPj-kBz8_tG9A9A,"「主教Vivian老师：[视频]」
- - - - - - - - - - - - - - -
以上是本周的拍一拍视频～
咱们班下周的拍一拍小班长是Luca宝贝~ @刘泽琛Luca妈妈  宝贝本周要认真练习，Vivian期待你下周的表现哦[爱心]"
wmqDzZEwAAtgOJnV3TPj-kBz8_tG9A9A,以上是本周的字母之书视频～
wmqDzZEwAATqG2TYYiKq9KC3DddyG4Tw,收到
wmqDzZEwAAuDfGur8GfA2yLYjH3t0Row,"非常感谢Emma 老师对Allen的关注，Allen能够在凤凰22学习离不开Emma老师的帮助与辅导。
感谢您对Allen的鼓励！
谢谢提醒复习哦！"
wmqDzZEwAAlsfbl6V6tsIxK1O5FABZTg,"家长朋友们晚上好！ @所有人 

今天是我们【运动】的第一次课

今日新学的词汇有：football，basketball，ping pong，volleyball
匹配练习的句型有：
- What do you like?   
- I like ...
- What does he/she like?   
- He/She likes ...

从第七单元开始，我们的单词和句型都越来越丰富也越来越有难度了。比如在今天的课上，宝贝们第一次接触到了“动词小尾巴s”这个概念，这对于宝贝们来说会有点难掌握，但对于咱们班的宝贝来说，只要多多练习，一定很快就能够熟练使用的。加油吧~咱们”动词小尾巴s“也有一个特定动作，爸爸妈妈们可以问问宝贝是什么手势哟

新的一周，继续笃行不怠，一以贯之，绵绵用力，久久为功。Perseverance & Being persistent。"
wmqDzZEwAAtgOJnV3TPj-kBz8_tG9A9A,以上是本周需要继续练习的字母跟读视频～
wmqDzZEwAAtgOJnV3TPj-kBz8_tG9A9A,以上是本周素养手册会用到的音频～内容发送完毕～[爱心]
wmqDzZEwAAvD0oaXXMGzop094Tu82Klg,@主教Naomi 老师，这个儿歌是不是发错了呀
wmqDzZEwAAvD0oaXXMGzop094Tu82Klg,预习的，这个是上周就发过的好像
wmqDzZEwAAvD0oaXXMGzop094Tu82Klg,老师，这周的作业就是这些吗？好像跟以前的不是很一样哈，我不确定阿姨带对没有
wmqDzZEwAAlsfbl6V6tsIxK1O5FABZTg,以上是需要复习的歌曲~
wmqDzZEwAAm9S1Ic5t4MoU4PPxtYtEXg,"各位家长晚上好[月亮]！

本次课是咱们第13单元的最后一次课。今天我们通过学习两篇书信为主线，引导孩子们了解了英文信件的格式。英文信件在孩子们的考试、生活和未来工作中都可能遇到，因此掌握信件结构非常重要。课上我们也一起对比了英文信件和中文信件的异同。

此外，通过这两封信，我们和孩子们探讨了这样一个话题：当我们不开心、遇到问题时，该怎么办？我们引导孩子们从两个方向去思考：

与他人交流（You can talk to others）

换位思考（Think differently）
学会从不同角度看待问题，认识到事情往往既有好的一面，也有需要面对的一面，鼓励积极应对。

最后，我们也和孩子们分享了一个充满智慧的解决方法——“事缓则圆”（Wait and see）。这是一种很经典的中式思维：遇到问题不必急于反应，可以适当缓一缓，找到适合自己的节奏，往往能收获更好的结果。

我们希望通过这样的引导，让孩子在成长路上逐渐学会从容，懂得运用合适的方法应对问题，这也是他们人生中非常重要的一课。

让我们一起陪伴孩子，稳步成长哦！ 🌱✨"
wmqDzZEwAAm9S1Ic5t4MoU4PPxtYtEXg,以下是孩子们本周需要用的视频资源哦（按素拓顺序）👇
wmqDzZEwAA1GQa7TYy5_4YVE4ARegpRg,收到
wmqDzZEwAAzXYJt37voIkpMkudbxyVIA,"「主教Vivian老师：以上是本周的拍一拍视频～
咱们班下周的拍一拍小班长是Luca宝贝~ @刘泽琛Luca妈妈  宝贝本周要认真练习，Vivian期待你下周的表现哦[爱心]」
- - - - - - - - - - - - - - -
好滴👌"
wmqDzZEwAAm9S1Ic5t4MoU4PPxtYtEXg,"「Chenggy：[视频]」
- - - - - - - - - - - - - - -
以上是本次课的闯关2哦，请孩子们一定要根据闯关2讲解重做哦👆"
wmqDzZEwAAm9S1Ic5t4MoU4PPxtYtEXg,【有余力--选做部分↓↓↓】
wmqDzZEwAA1GQa7TYy5_4YVE4ARegpRg,@主教老师 Melodie 谢谢Melodie老师鼓励 继续加油
wmqDzZEwAAm9S1Ic5t4MoU4PPxtYtEXg,"请下次的小班长做好准备哦~[玫瑰]

口语小班长1：Elsa Yan  @Panda and Elsa 
（【背诵】“事缓则圆”的英文介绍）

口语小班长2：Harrison  @云 
（Module 13 P5 口语挑战 Part C）"
wmqDzZEwAAtgOJnV3TPj-kBz8_tG9A9A,"家长们晚上好~✨

今天是我们【爱好】单元的第四次课下周我们会学习第九单元【地点】时间真的太快啦，咱们还有2个单元就要升级咯

今天我们复习了【天气、形状、服装、爱好】等单元，在形状和服装的句型上融入了颜色的学习：It's a red circle. / I have a blue jacket. 所以孩子们可以在下一次的about me中，加入对自己所穿服装颜色的描述哦~

但是Vivian也发现，孩子们对前五个单元的内容忘记得比较多，所以【一定一定要复习】咯！

在即将升级的特别时间节点，更希望孩子们笃行不怠，一以贯之；绵绵用力，久久为功@所有人"
wmqDzZEwAAvD0oaXXMGzop094Tu82Klg,@主教Naomi 但是那个素质拓展单上的需要预习的下周儿歌不是这两个哦
wmqDzZEwAAvD0oaXXMGzop094Tu82Klg,好嘞。谢谢老师送的model baby的小礼物[哇]
wmqDzZEwAAtgOJnV3TPj-kBz8_tG9A9A,以上是需要持续复听的本单元的所有儿歌～
wmqDzZEwAAtgOJnV3TPj-kBz8_tG9A9A,以上是本单元所有的拍一拍～
wmqDzZEwAAlsfbl6V6tsIxK1O5FABZTg,以上是需要预习的歌曲~
wmqDzZEwAAtgOJnV3TPj-kBz8_tG9A9A,以上是需要持续练习的字母表～请家长们在孩子跟读练习的同时，也要帮助孩子们练习乱序认读（家长随机指哪个读哪个），这样孩子们才回掌握的更加牢固。下单元起字母表又要升级了，所以一定要练熟哦！！！
wmqDzZEwAAtgOJnV3TPj-kBz8_tG9A9A,以上是本单元的所有字母之书～
wmqDzZEwAAtgOJnV3TPj-kBz8_tG9A9A,以上是本周会用到的音频和about me示范视频～
wmqDzZEwAAtgOJnV3TPj-kBz8_tG9A9A,再次提醒：要从第一单元开始复习咯！本学期最后一节课就是我们的升级测评，这段时间家长们要抓紧一些哈～
wmqDzZEwAAlsfbl6V6tsIxK1O5FABZTg,以上是本次拍一拍视频，本次拍一拍小班长是Ray，宝贝在家里好好练习，下周看你的表现咯~
wmqDzZEwAAlsfbl6V6tsIxK1O5FABZTg,@刘储瑞Ray妈妈
wmqDzZEwAAyzQS4pKJXtIL58d6Fmn_LA,"温馨提醒本周行课检查内容[爱心]
主教：
1、评语
2、还课质量检查表
3、双师配合
4、家校联系表填写
5、教学进度在线文档填写

班主任：
1、课前提醒
2、素质积分表
3、素质积分表规范（1⃣️积分表必须体现班级名 2⃣️需➕“戏剧节专属章”一栏，）
4、小麦消课
5、素质积分表极空间上传【教务核算版本】
6、家校联系表检查
7、还课质量检查表
9、常规宣传
10、补课情况填写：（12.17-12.21姓名、班级）


有问题提前问提前报备[抱拳][抱拳]"
wmqDzZEwAALW1nXtla_hiO6eBTHYrfJQ,谢谢Lauren老师
wmqDzZEwAAtgOJnV3TPj-kBz8_tG9A9A,下周的字母小班长是Yoyo @Yoyo爸爸 需要展示本单元的三个字母之书+自我介绍哈期待你的展示~
wmqDzZEwAAtgOJnV3TPj-kBz8_tG9A9A,以上，内容发送完毕
wmqDzZEwAAlsfbl6V6tsIxK1O5FABZTg,以上是本次主题的字母视频
wmqDzZEwAAlsfbl6V6tsIxK1O5FABZTg,以上是本次的字母之书视频~
wmqDzZEwAAc8PtytGaaH8ogW6m4gLuzQ,@主教Emma老师 请问让这个多听，听的视频或者音频是哪个呢？
wmqDzZEwAAlsfbl6V6tsIxK1O5FABZTg,以上是本次手册音频
wmqDzZEwAAlsfbl6V6tsIxK1O5FABZTg,以上是本次About me视频，本次自我介绍有新增句型噢，宝贝们在家里练习起来哈~
wmqDzZEwAAlsfbl6V6tsIxK1O5FABZTg,所有内容发送完毕~
wmqDzZEwAADpTjBY1SImOVc2TutJti-A,"家长朋友们晚上好[月亮] @所有人 

本周我们带孩子们完成了笃一体系L5升L6的升级模考试卷-2的讲评[拥抱]

通过这次讲评，咱们凤凰12班的宝贝们进一步明确了考试策略，并以框架化的方式系统复习和梳理了已学内容，进一步巩固了基础

此外，我们还带领孩子通过阅读文章，有针对性地训练阅读技巧。我们强调，不仅要完成题目，更要掌握方法，从而持续提升阅读效率

本次测试的主要目的在于引导孩子掌握科学的做题技巧——毕竟未来各类考试中的题目都不会与此次完全一致，因此答题技巧的培养远比这次模考的成绩更重要。

现阶段，给予孩子正确的引导和适时的鼓励，对他们来说最为关键。期待孩子们在下周的升段测试中展现出自己的进步与风采！"
wmqDzZEwAADpTjBY1SImOVc2TutJti-A,👆本次课素质积分表和闯关三细节登记表已更新，请大家查收，如有相关疑问请私信Reece[太阳]
wmqDzZEwAAP2iMecDlSqAfD4MF32PfNw,"各位家长晚上好！

在昨天的课堂上，Venice老师带领孩子们重点复习了礼貌问路的表达方式。语言学习从来不是一蹴而就的，而是需要在丰富的情境中不断练习。昨天我们就通过“Dudu伦敦游记”这个有趣的故事，让孩子们在生动场景中搭建语法框架，真正提升语言运用能力！🗺️

就像Venice老师经常说的：学英语最重要的是“会用”！昨天我们还在课堂上探讨了飞机上的厕所文化——未来孩子们若去国外求学，就需要了解这些文化差异。英语本身也有英式、美式之分，很高兴看到孩子们在这样有趣的课堂中既拓展了语言能力，又开阔了文化视野！🌍

请家长们记得：语言和文化正是孩子们看世界的窗口。现在的每一堂课都在为孩子们铺就更广阔的道路。希望孩子们能像笃一的优秀学长学姐们那样，一步一个脚印，扎扎实实学好英语，走向更精彩的天地，实现更丰富的人生！✨

以下是本周素质积分表和闯关三细节登记表，请家长们查收，如有疑问请私聊Jenny核对哟"
wmqDzZEwAAP2iMecDlSqAfD4MF32PfNw,以下是本周奖牌榜展示[鼓掌]
wmqDzZEwAAP2iMecDlSqAfD4MF32PfNw,恭喜上榜的孩子们，看到大家开开心心地领奖真好[爱心]虽然只是一个小小的仪式感，但是对于孩子而言“被看见”胜过一切仪式感[玫瑰][加油]希望每一次的上榜都能提升孩子的自我效能感，帮助孩子从小成功走向大成就[鼓掌]
wmqDzZEwAAP2iMecDlSqAfD4MF32PfNw,以下是本周小班长展示[鼓掌]
wmqDzZEwAAyn5CWpawnIJ087Pd5nu3QQ,在本周的课上，带着孩子们一起学习了英语中常见词汇更加细微精准的用法，比如 see sb. Doing sth. 和see sb. Do sth. 的区别。英语是形合的语言，讲究逻辑接洽的准确性和合理性；而中文是意合的语言，所以孩子们在学习英语，尤其是词汇搭配的过程中，就需要去直面母语思维的小挑战。
wmqDzZEwAAP2iMecDlSqAfD4MF32PfNw,"Summer的这次展示非常流利！[强][强][强]给我们带来贵阳的介绍，希望我们Summer通过这次展示的机会能够积累到更多描述家乡的语言点，相信未来一定会有用到的地方[爱心]

这次展示非常成功，也希望我们Summer绵绵用力，不断在英语学习上精进[加油]@Summer妈妈 @朱童可儿Summer "
wmqDzZEwAADpTjBY1SImOVc2TutJti-A,"本周我们班的口语小班长由 Dora Z 担任。他的口语表达流利自如，语音语调清晰纯正，特别值得表扬！👍

这份优秀离不开平时的认真与坚持，Dora Z 在课后一直刻苦练习，如今的进步大家有目共睹。为她点赞，也希望大家一起向她学习！继续加油哦！💪"
wmqDzZEwAActw4CkJrB2nQBcuLcnPw6Q,收到
wmqDzZEwAADpTjBY1SImOVc2TutJti-A,"OOTD最佳奖——Bosco小朋友
环保着装，用塑料袋改成了哈利波特的魔法斗篷，超级棒！10个笃笃币已到账，希望宝贝保持这份热情与创意，继续大放异彩！！"
wmqDzZEwAAP2iMecDlSqAfD4MF32PfNw,"本周内容分享完毕，以下下周提醒哦[玫瑰]

1. 下次课请
Justin
Ziven
Paul
Sky
以上四位同学到Jenny处还课[爱心]
@Ziven妈妈 
@Justin妈妈 
@Sky妈妈 
@Paul妈妈 "
wmqDzZEwAADpTjBY1SImOVc2TutJti-A,[咖啡]下周六升级测评，请所有宝贝们不要请假！不要迟到！提前20分钟到校闯关！
wmqDzZEwAADpTjBY1SImOVc2TutJti-A,"加油宝贝们！

让我们笃行不怠，一以贯之，绵绵用力、久久为功！"
wmqDzZEwAAP2iMecDlSqAfD4MF32PfNw,"2. 100天打卡补卡正在进行中，一次卡都没有打过的孩子积极补起来哦[加油][加油][加油]

已经打卡到某一阶段的孩子还可以抓住最后的机会让自己的打卡再上一个台阶哦[鼓掌]"
wmqDzZEwAA4Y51fyhoHMDaqXks_tIOWA,"「主教老师 Max：
下次的【指读小班长】是Doria和Rika，请两位小朋友做好准备，准备好自我介绍，带领全班指读并且到笃一电视台录制[加油][加油][加油]@王梦汶曦Doria妈妈 @周熹乐（yue）Rika妈妈 」
- - - - - - - - - - - - - - -
收到，谢谢老师提醒"
wmqDzZEwAAP2iMecDlSqAfD4MF32PfNw,"新周继续加油喔，让我们笃行不怠，一以贯之，绵绵用力、久久为功！
孩子们，咱们下周见喔！
 @所有人"
wmqDzZEwAAbQ0Ao4T-MXZ2ICWG0Vdubg,冬至快乐Lucky
wmqDzZEwAADpTjBY1SImOVc2TutJti-A,❄️冬至如约而至，祝小朋友和大朋友们常安🥟
wmqDzZEwAAP2iMecDlSqAfD4MF32PfNw,"各位家长晚上好

过了一个戏剧周回来，咱们班孩子们的学习心又出走了[偷笑]昨天的课堂很多孩子不在线哦，Jenny老师和Evan老师左喊又拉才勉强维持住课堂的在线人数，希望爸爸妈妈在送孩子来上学的路上也配合我们叮嘱一下孩子课上一定要认真听讲，同时课后夸夸宝贝们坚持完了两个小时的课程，非常不容易哦[鼓掌]

但是也有小朋友的专注力一如既往，课上非常积极哦，这里要特别表扬Kyle，Hedy，Sia，Lucy四位小朋友，以及这节课学习力大爆发的Kimi，以上小朋友这次课表现得非常好！爸爸妈妈一定要夸夸哦[鼓掌][强][强][强]

以下是本周素质积分表和闯关三细节登记表，请同学们查收，如有疑问，请私信Jenny核对哟"
wmqDzZEwAAP2iMecDlSqAfD4MF32PfNw,以下是本周奖牌榜展示[鼓掌]
wmqDzZEwAAP2iMecDlSqAfD4MF32PfNw,"本周的小班长是我们Alice！展示超级超级流利！真的太想给Alice鼓掌啦！流利度、准确度全部在线[强]这背后不仅有Alice个人的努力，更重要的是爸爸妈妈的不懈陪伴和督促，也要给Alice爸爸妈妈点赞👍哦！！
咱们爱丽丝小朋友一定要继续加油，越来越棒哦！@Alice妈妈 "
wmqDzZEwAAP2iMecDlSqAfD4MF32PfNw,恭喜上榜的孩子们，看到大家开开心心地领奖真好[爱心]虽然只是一个小小的仪式感，但是对于孩子而言“被看见”胜过一切仪式感[玫瑰][加油]希望每一次的上榜都能提升孩子的自我效能感，帮助孩子从小成功走向大成就[鼓掌]
wmqDzZEwAAP2iMecDlSqAfD4MF32PfNw,上周的【闪光少年】是咱们班的所有同学[鼓掌][鼓掌][鼓掌]每个孩子都收到的Jenny老师给出的小小心意，我们班的孩子们真的闪闪发光，Jenny老师太为大家骄傲了[鼓掌][鼓掌][鼓掌][鼓掌]
wmqDzZEwAAP2iMecDlSqAfD4MF32PfNw,以下是本周小班长展示[鼓掌]
wmqDzZEwAAvsLIDrsLZyycz6h--TeXHg,Eki week10 周总结已完成
wmqDzZEwAAJzVkzLJ92sqHfgCNFpfNZA,余子涵Week9 周总结已完成
wmqDzZEwAAUa8a1MoOddRaxE5WnW0DUQ,@德育班主任 May 谢谢老师都肯定！
wmqDzZEwAAvIi5aOtLJ3D2SIanhbadWw,"各位家长，晚上好！[爱心]

昨天的课堂上，孩子们整体表现非常出色，在课堂互动中积极回应老师，每一个问题都有小朋友能够给出正确答案，学习状态十分在线。[鼓掌][鼓掌][鼓掌]

不过，在闯关环节中我们也发现，孩子们在笔头运用方面还需要进一步加强。课堂上的口语问答基本没有问题，但在书写时容易出现遗忘或混淆的情况。这说明孩子们的口语理解已经有了一定基础，接下来需要在“输入—输出”的转化上多下功夫。[加油]

建议家长在家配合以下几点：
1️⃣ 每天坚持让孩子多读课文、对话和素质拓展单的重点句子，培养语感；
2️⃣ 在有一定语感基础后，结合课堂上学到的语言点才能进行更好地巩固；
3️⃣ 鼓励孩子多进行简单的笔头练习，如抄写、仿写句子等，帮助他们将“会说”转化为“会写”。

相信在学校和家庭的共同配合下，孩子们一定能够更加熟练地掌握和运用所学内容，取得更大的进步！💪

以上是本周的素质积分表和闯关三细节登记表⬆️请查收！@所有人 "
wmqDzZEwAA8KLgv_yw1Huy0PPswjuJrA,收到
wmqDzZEwAAP2iMecDlSqAfD4MF32PfNw,"下次课请
Kimi @Kimi爸爸 
Kyle @Kyle-妈妈 
Lion @Lion，Tiger妈妈 
Sia @Sia妈妈 
在Jenny处还课，请做好准备哦

请Tiger，Lucy，Zero，Abby在Evan处还课，同样也要做好准备哦
@Lion，Tiger妈妈 
@Lucy妈妈 @zero爸爸18985589859 
@Freda慧慧 "
wmqDzZEwAAvIi5aOtLJ3D2SIanhbadWw,恭喜本次上榜的孩子们！[鼓掌][鼓掌][鼓掌]太棒啦！[庆祝][庆祝] 看到孩子们开心的笑容，肯定也为自己的成果感到自豪！希望你们继续保持积极进取的状态，体会到高阶的成就感[加油] 其他小朋友也要加油向前冲哦，期待下次在奖牌榜上也能看到你们的亮相！[机智]
wmqDzZEwAAP2iMecDlSqAfD4MF32PfNw,"特别提醒哦
100天打卡补卡正在进行中，一次卡都没有打过的孩子积极补起来哦[加油][加油][加油]

已经打卡到某一阶段的孩子还可以抓住最后的机会让自己的打卡再上一个台阶哦[鼓掌]"
wmqDzZEwAAP2iMecDlSqAfD4MF32PfNw,"新周继续加油喔，让我们笃行不怠，一以贯之，绵绵用力、久久为功！
孩子们，咱们下周见喔！
 @所有人"
wmqDzZEwAAvIi5aOtLJ3D2SIanhbadWw,"本周班级小班长Sherry同学的表现格外亮眼，值得特别表扬！@Sherry妈妈 Sherry在课堂上用流利的英语和漂亮的语音语调，为全班同学分享了关于“生日”主题的信息，口语表达十分出色！语言运用能力也超强[强]为其他同学树立了很好的榜样。[鼓掌][鼓掌][鼓掌]
"
wmqDzZEwAAJzVkzLJ92sqHfgCNFpfNZA,@Jerry 万小玉 
wmqDzZEwAAlDEE7qFerVC8HkTn1aW3Ag,Jackson 何沐秋周总结Week10已提交
wmqDzZEwAA2wnLhYQ7ooh05_NmEGJMwQ,爱出者爱返[爱心]笃一老师们孩子们都是最棒的[爱心][强]
wmqDzZEwAAvIi5aOtLJ3D2SIanhbadWw,"下次课需要在【Melodie】处完成闯关3的同学是：
Steven Sam Isabel Susan
@芦苇微微 @李茂嘉妈妈 @Isabel妈妈 @sue 

需要在【Angie】处完成闯关3的同学是：
Jake Tina Summer Sherry
@Jake妈妈 @王先乐妈妈 @summer妈妈 @Sherry妈妈 

请家长们告知小朋友闯关3安排[爱心]"
wmqDzZEwAAvIi5aOtLJ3D2SIanhbadWw,咱们的100天打卡马上就要结束了，Angie老师会在最后一天统计出达成100天的所有孩子们[嘿哈]大家这几天抓住时间💪加油咯！
wmqDzZEwAAvIi5aOtLJ3D2SIanhbadWw,"新的一周，让我们继续：
“笃行不怠，一以贯之。
绵绵用力，久久为功”
咱们下周见咯[爱心][爱心]@所有人 "
wmqDzZEwAATqG2TYYiKq9KC3DddyG4Tw,老师，Henry 第三周的德育做了的
wmqDzZEwAAtqaYnFpByPHEFxHVj_A2Rw,@黄杨公哲Jay妈妈 
wmqDzZEwAAo0DXhJ0RiEjCtkuuhMuWLw,收到，谢谢老师！
wmqDzZEwAAZjv09_n6PG6V8ahzC8AV1w,冬至快乐[庆祝][庆祝][庆祝]
wmqDzZEwAAc8PtytGaaH8ogW6m4gLuzQ,@周士涵Ryan妈妈 收到，谢谢Ryan妈妈
wmqDzZEwAAPTq9aJL5H0aStHncWFhSmw,Lauren 老师，请问拼读不是这个吗？
wmqDzZEwAAPTq9aJL5H0aStHncWFhSmw,拼读时间的任务[偷笑]
wmqDzZEwAAvIi5aOtLJ3D2SIanhbadWw,"各位家长晚上好！

恭喜孩子们在英语学习的道路上又向前迈进了一大步，成功完成了被动语态的系统学习！🎉 
昨天课上，Chenggy老师带领孩子们一步步拆解了被动语态的转换步骤，相信大家对不同时态下的被动结构都已形成了清晰的认识。

为了更好地掌握这一重要语法点，请提醒孩子们课后及时复习，特别是要结合Lily老师讲解的步骤去巩固和理解。同时也一定要认真完成练习题，做到“学练结合”，这样以后在运用时才会更加得心应手。📚✨

以上是本周的素质积分表及闯关三细节登记表，请查收⬆️@所有人 "
wmqDzZEwAAPTq9aJL5H0aStHncWFhSmw,谢谢老师，我主要是怕发错了[调皮]
wmqDzZEwAAvIi5aOtLJ3D2SIanhbadWw,"昨天的小班长 Camellia 同学整体表现依然可圈可点。目前我们所学的内容已经进入比较高阶的阶段，孩子们能达到现在的水平，非常值得肯定和鼓励。[愉快]

Camellia 前半部分完成得很出色，只是在后半部分有一些内容出现了遗忘，这也是非常正常的学习过程。小班长的录制视频真实地记录了孩子们在课堂上的表现，不仅能帮助他们发现自己的优势与不足，也为今后回顾成长轨迹留下了非常有意义的纪念。💪

希望孩子们不要害怕在镜头前展示自己，勇敢地拿出最好的状态。当然，如果在课前能够进行更充分的准备，相信咱们的表现一定会更加精彩！[庆祝]@Camellia妈妈 "
wmqDzZEwAAvIi5aOtLJ3D2SIanhbadWw,恭喜本次上榜的孩子们！[鼓掌][鼓掌][鼓掌]太棒啦！[庆祝][庆祝] 看到大家开心的笑容，肯定也为自己的成果感到自豪！希望你们继续保持积极进取的状态，体会到高阶的成就感[加油] 其他孩子也要加油向前冲哦，期待下次在奖牌榜上也能看到你们的亮相！[机智]
wmqDzZEwAAP2iMecDlSqAfD4MF32PfNw,"【课后任务补交提醒❗️❗️】
请以下同学在明天晚上18点前将相应任务补交给Jenny🔔
@cherry妈妈 
@Danny妈妈 
@Panda and Elsa 
@云 
@Hanson妈妈 
@Irene 妈妈 
@Jaden妈妈 
@Jaden妈妈 
@Rubia爸爸 
@Tara妈妈 "
wmqDzZEwAAP2iMecDlSqAfD4MF32PfNw,很多小朋友差的都是听力，请家长们查收所需听力音频⬇️
wmqDzZEwAAP2iMecDlSqAfD4MF32PfNw,"【课后任务补交提醒❗️❗️】
请以下同学在明天晚上18点前将相应任务补交给Jenny🔔
@Brooks妈妈 
@David妈妈 
@London7~Candy妈妈 
@Lion，Tiger妈妈 "
wmqDzZEwAAFZPfAwC1RLRubEcgt3ttXw,[敲打]吃醋了
wmqDzZEwAAvIi5aOtLJ3D2SIanhbadWw,"下节课需要在【Angie】处完成闯关3的同学是：
Cindy，Amanda，Flora，Shirley
@Cindy妈妈 @Amanda妈妈 @Flora 妈妈 @Shirley 妈妈"
wmqDzZEwAAvIi5aOtLJ3D2SIanhbadWw,咱们的100天打卡马上就要结束了，Angie老师会在结束打卡之后统计出达成100天的所有孩子们[嘿哈]大家这几天抓住时间💪加油咯！
wmqDzZEwAAvIi5aOtLJ3D2SIanhbadWw,"新的一周，让我们继续：
“笃行不怠，一以贯之。
绵绵用力，久久为功”
咱们下周见咯[爱心][爱心]@所有人 "
wmqDzZEwAAx3m1aa4PFLggHhOPrPOigg,收到
wmqDzZEwAAPTq9aJL5H0aStHncWFhSmw,没事没事，太多了，没发错就好[奸笑]
wmqDzZEwAA4wWBJJROgcsBvdT_h3Sw1g,"「班主任Naomi 老师：
新的一年我们持续挖掘发现孩子们身上的闪光点，通过“闪光少年”项目，让孩子们更加的自信和展示出自己~[得意]

这次上榜
闪亮英语进步小达人：Jolin~~@李梓琳Jolin爸爸 
舞台预备小标兵：Lucas~@谌新沅 Lucas 妈妈 @谌新沅 Lucas 爸爸 @谌新沅 Lucas奶奶 

Jolin小朋友在最近的学习中无论是课后任务还是英语的学习，进步非常大噢！Jolin爸爸在孩子的学习中参与度越来越高，逐渐向模范家长靠拢啦，点赞！[强]
Lucas小朋友在本次戏剧嘉年华排练的整个过程中表现十分优异！态度端正且非常积极！Lucas的表现Naomi和Max老师有目共睹，希望Lucas能保持这样一份热情继续发光发热哦！[耶]

新的一周孩子们继续闪闪发光吧~下一周就是你哟[太阳]」
- - - - - - - - - - - - - - -
谢谢老师们的指导和鼓励，Lucas继续加油💪💪💪"
wmqDzZEwAAtPvQJ_S4z3NGCt1t6EDNqA,收到
wmqDzZEwAAuTdr2RpdT8rZdxiQbe2dkg,[强][强][强]
wmqDzZEwAAfKUmTk_4EHp52Gk_9IDVzw,@师训处-Peri 老师，下午开完两个会被班主任抓去做课后了，现在结束马上发周总结～[流泪]我下午就下好了[流泪][流泪]
wmqDzZEwAAPE3u8BMM96FvhvBSX2S96w,[强][强][强]
wmqDzZEwAA9s4oFXCtunxAeZCeK1DUag,"「Jerry 万小玉：@师训处-Peri 老师，下午开完两个会被班主任抓去做课后了，现在结束马上发周总结～[流泪]我下午就下好了[流泪][流泪]」
- - - - - - - - - - - - - - -
好滴"
wmqDzZEwAAEFK4zmIrVb8RW0lpjgUNxA,@德育班主任Angie 谢谢鼓励，孩子仍需努力[拳头]
wmqDzZEwAAvD0oaXXMGzop094Tu82Klg,Ok，好的。明白了，谢谢老师，因为刚刚我和 小橙子在看的时候，她就发现了，说那个封面是不一样的[偷笑]我还以为老师发错了，赶紧问一下，如果确定是手机上发的这个，咱就按照这个给她看
wmqDzZEwAAOqWUf6JxQR8oFhOVViZ1Cw,闯关三登记表没看到丽丽的
wmqDzZEwAAvIi5aOtLJ3D2SIanhbadWw,@Camellia妈妈 Camellia妈妈客气啦！Camellia加油[愉快]
wmqDzZEwAALW1nXtla_hiO6eBTHYrfJQ,Eric特意穿了一身迷彩，不加分吗
wmqDzZEwAALeyQ3gR28lPMUVQReLc0Sg,Iris也穿了旧衣服改造的@班主任Naomi 老师 
wmqDzZEwAALeyQ3gR28lPMUVQReLc0Sg,她衣服上的珍珠 蝴蝶结 扭扭棒都是自己粘上去的
wmqDzZEwAAVIeWwAXFzKYtOfYX6O4Dag,收到
wmqDzZEwAAbShfpvsZ8I1rSbyUlqY09A,收到
wmqDzZEwAA8bdEhvYqO_kudkcl6oq04Q,收到
wmqDzZEwAAlWgvpe_LV9nusoPQudb8VQ,收到
wmqDzZEwAAX1P3RXRKhbvf-_ePmsE98A,收到
wmqDzZEwAACX_XwumhFrQjOuCFS0yL9Q,收到
wmqDzZEwAAN695dJ__LZcOGUQwyAHIJw,"「德育班主任 Alicia老师：⬆️以上是本周的小班长我们的Harrison乖乖@贺梓原Harrison妈妈 乖乖回家准备的特别的好！特别熟练哦[偷笑]而且乖乖的语音语调真的很棒！继续加油呀[爱心][爱心][爱心]」
- - - - - - - - - - - - - - -
谢谢老师的鼓励，下次我们的声音更大一点，继续加油！[加油]"
wmqDzZEwAA83sKeoWGsWVLR6GY9-ZV2A,【未知消息类型】
wmqDzZEwAAMbZWmUliUiqhprolJNUlYQ,今日Aria值班，大家有问题可以联系我噢[玫瑰][玫瑰]
wmqDzZEwAAtNOPteDAu4-tHu0_1GaShA,"「思妤🍍Emily's mother：
感谢doit每一位老师 ❤️
Emily成长路上遇到你们太幸运啦」
- - - - - - - - - - - - - - -
好厉害的设计，手巧的妈妈[强][强][强]"
wmqDzZEwAAedl7cCZgXPoz16Kl_euGkQ,再次确认下，是24号要收到对吧
wmqDzZEwAAedl7cCZgXPoz16Kl_euGkQ,@jiang jiang @Ice 
wmqDzZEwAAedl7cCZgXPoz16Kl_euGkQ,你好
wmqDzZEwAAedl7cCZgXPoz16Kl_euGkQ,还在吗
wmqDzZEwAAedl7cCZgXPoz16Kl_euGkQ,咱们yunnan冰箱贴24号要收到对吧
wmqDzZEwAAXmzttorye7Te3PZgK3JkRQ,嗯嗯 对的
wmqDzZEwAAedl7cCZgXPoz16Kl_euGkQ,好的
wmqDzZEwAAyn5CWpawnIJ087Pd5nu3QQ,@所有人 上周咱们学习了如何去表达身体上的不适，如何给出建议，这周我们也继续巩固，把内容极力吸收和内化。那上周孩子们开启了更高一级的学习，从第一个主题开始，我们要学习的内容就变得越来越多。对于孩子们集中精力和迅速记忆的能力要求也相应更高。所以咱们班的小朋友，要学会去适应升级后的课堂，利用好课上的时间，做到「单位时间最高效能」，这也是欣巴的哥哥和所有笃一学霸学长们的终极武功秘籍。
wmqDzZEwAAyn5CWpawnIJ087Pd5nu3QQ,[抱拳]
wmqDzZEwAALW1nXtla_hiO6eBTHYrfJQ,[抱拳][强][强][OK][OK]
wmqDzZEwAAyn5CWpawnIJ087Pd5nu3QQ,孩子们这节课还回顾了几年前热议的“扶不扶”话题，也学习了在英文中“活雷锋”的对应表达，Venice开心地看到咱们班孩子都是选择善良的小朋友，但是也告诉孩子们在保持善良的同时，亦要保护好自己。
wmqDzZEwAAyn5CWpawnIJ087Pd5nu3QQ,"希望孩子们也能记住今天学习的关于助人美德的名言名句。“爱出者爱返。福往者福来。”希望孩子们以后都能长成为聪慧善良，心中有爱的大人。

总而言之，今天咱们的课堂太精彩了呀。希望课后孩子们主动学习，自助管理自己的时间，新升级咱们的能力越来越强的同时肯定付出也会越来越多喔。"
wmqDzZEwAAyn5CWpawnIJ087Pd5nu3QQ,"希望孩子们也能记住今天学习的关于助人美德的名言名句。“爱出者爱返。福往者福来。”希望孩子们以后都能长成为聪慧善良，心中有爱的大人。

总而言之，今天咱们的课堂太精彩了呀。希望课后孩子们主动学习，自助管理自己的时间，希望咱们的能力越来越强的同时肯定付出也会越来越多喔。❤"
wmqDzZEwAAyn5CWpawnIJ087Pd5nu3QQ,闯关3微课↓
wmqDzZEwAAyn5CWpawnIJ087Pd5nu3QQ,口语挑战Part A +Part B↓
wmqDzZEwAAyn5CWpawnIJ087Pd5nu3QQ,口语-身体部位↓（下周面对面闯关）
wmqDzZEwAAvIi5aOtLJ3D2SIanhbadWw,"各位班主任老师[爱心]

周日的班级课程结束后，还未发送课后评语的班级，务必将学生在周末精心制作的环保服饰或用心穿搭的照片及时分享至班级群，并附上积极、真诚的赞美语。让孩子们和家长真切感受到自己的用心与努力被看见、被肯定，进一步增强学生的参与感与成就感，同时促进家校之间的良好互动。[拥抱]

对于已发送课后评语但未晒出小朋友照片的班级，请最迟于下周内在班级群中对孩子和家长进行公开的赞美与表扬。[玫瑰]

已在班群中分享学生用心穿搭照片的老师，请在家校联系时再次向家长表达诚恳的肯定与赞赏。[强]@所有人 "
wmqDzZEwAAyn5CWpawnIJ087Pd5nu3QQ,口语-身体部位↓（下周面对面闯关）
wmqDzZEwAAyn5CWpawnIJ087Pd5nu3QQ,邦迪创可贴-跟读音频↓（熟读）
wmqDzZEwAAyn5CWpawnIJ087Pd5nu3QQ,听力task 1（含微课）↓
wmqDzZEwAAyn5CWpawnIJ087Pd5nu3QQ,"PS：笃一2526学年作为教学服务年 从本周开始笃一给孩子们提供了更多学习英语的抓手，配套咱们每周的素质拓展单我们每周有一份素拓练习单，孩子们正常复习的同时可以在周五或周六晚上试着做一下，有余力的孩子们还可以周中做一次，再复印一份周五或周六晚上再练习一次。

总而言之就是利用好一切的学习资料，我们一起陪伴孩子们在英语学习的路上再上一层楼❤"
wmqDzZEwAAyn5CWpawnIJ087Pd5nu3QQ,"让我们笃行不怠，一以贯之，绵绵用力、久久为功！

孩子们下周见喔。[爱心]"
wmqDzZEwAAyn5CWpawnIJ087Pd5nu3QQ,"老师们下午好[爱心]

以下班级为【2025年笃一儿童戏剧嘉年华-优秀表演班级】名单[哇]

孩子们用优美的歌声，动感的舞蹈，生动的表演展示出闪闪发光的自己[庆祝][庆祝][庆祝][庆祝]
同时，也恭喜以下班级获得
1️⃣班风能量加分
2️⃣“小金人”奖杯🏆
3️⃣【戏剧嘉年华返场演出资格】

具体事宜请对接Max[爱心]

1️⃣麒麟8班 【Shelter From Loneliness】

2️⃣凤凰11班 【神笔马良】

3️⃣凤凰26班 【A Happy Day of Sally and Annie】

4️⃣凤凰31班 【Proud of You】

5️⃣锦鲤16班 【拔萝卜】

6️⃣锦鲤19班 【Dudu和他的朋友们】

7️⃣凤凰41班 【Seven Days A Week】

8️⃣凤凰44班【Gummy Bear】

9️⃣锦鲤33班 【Four Seasons, So Much Fun】

🔟锦鲤26班 【Who Took The Cookie from The Cookie Jar?】"
wmqDzZEwAAyn5CWpawnIJ087Pd5nu3QQ,"上面信息转发自笃一活动处，我们凤凰11班在全校82个班级的表演评选中又又一次胜出！获得了全校老师的肯定和赞誉，获得笃一第三届戏剧节“小金人”奖杯🏆

Venice老师和Liam老师太开心、欣慰和骄傲啦！！[呲牙]"
wmqDzZEwAAyn5CWpawnIJ087Pd5nu3QQ,所以，我们凤凰11班的孩子们获邀在本周日上课结束后，再次到剧场呈现《神笔马良》的演出！！[呲牙]
wmqDzZEwAAInUD_6VlDnrSbttZdMZrzA,[鼓掌][鼓掌][鼓掌]
wmqDzZEwAAyn5CWpawnIJ087Pd5nu3QQ,"请宝贝们做好以下准备：
1. 台词：① 全部台词背熟；② 熟记走位和动作；③知道前后同伴台词（避免串场失误）

2. 服饰：所有道具服饰和上次一样，孩子们带齐到学校"
wmqDzZEwAAyn5CWpawnIJ087Pd5nu3QQ,[玫瑰]时间：周日3:00准时到校排练最后2次，下课后稍作准备上场演出，届时也请爸爸妈妈再次到剧场给我们的宝贝们加油打气~
wmqDzZEwAAyn5CWpawnIJ087Pd5nu3QQ,[玫瑰]时间：周日3:00准时到校排练最后2次，下课后稍作准备上场演出，届时也请爸爸妈妈再次到剧场给我们的宝贝们加油打气~
wmqDzZEwAAyn5CWpawnIJ087Pd5nu3QQ,[玫瑰]时间：周日3:00准时到校排练最后2次，下课后稍作准备上场演出，届时也请爸爸妈妈再次到剧场给我们的宝贝们加油打气~
wmqDzZEwAAyn5CWpawnIJ087Pd5nu3QQ,【未知消息类型】
wmqDzZEwAAyn5CWpawnIJ087Pd5nu3QQ,请宝爸宝妈们接龙帮孩子们确认演出信息[呲牙]
wmqDzZEwAAnFtqHTqhjisXI2BbG7TnCw,【未知消息类型】
wmqDzZEwAA8_ixxsVlGotg9UADSmjjlA,【未知消息类型】
wmqDzZEwAAji9Vz2xPUPrlI-ZWEIhRlw,【未知消息类型】
wmqDzZEwAApwx9AGIKHy7LKg3NXObT_A,【未知消息类型】
wmqDzZEwAA5PLArkyWs6id6bkd6OUBqw,"「德育班主任Kathy：[图片]」
- - - - - - - - - - - - - - -
收到，谢谢老师[抱拳][抱拳][咖啡][咖啡]"
wmqDzZEwAAEQ3ZZpA7O6ZHOJ7vdhXnqA,收到，谢谢Kathy老师[抱拳][抱拳][玫瑰][玫瑰]
wmqDzZEwAABzDLMnfHFLDiMFl7mfKfpw,【未知消息类型】
wmqDzZEwAANlSuAqT9OUaHMflwJMbkcA,收到
wmqDzZEwAAAybRdyZSr3PivwPeLhyXBA,收到
wmqDzZEwAAtKox7GUqZvsO7gEYSotqQw,【未知消息类型】
wmqDzZEwAAPJMxgCiWSM0b-wsRtUSBnA,收到
wmqDzZEwAAUx9ZQww9B8WEUDq4GDqm5w,收到
wmqDzZEwAAInUD_6VlDnrSbttZdMZrzA,【未知消息类型】
wmqDzZEwAAEUmWnM88rxiQFMs_ib2W0g,【未知消息类型】
wmqDzZEwAAAzLQNOkgq5Psa6_HHdq36Q,收到
wmqDzZEwAA3U-v8keKs-Ja8l3eOY7OZw,收到
wmqDzZEwAA4cD8K7kQho19PxoJyNKW5g,以上是TKT的备考资料，需要的老师自取哦~[爱心]
wmqDzZEwAAYn3M_H-OEe-wjDxkGXfy-Q,谢谢老师们[玫瑰][玫瑰]
wmqDzZEwAA4cD8K7kQho19PxoJyNKW5g,Movers：
wmqDzZEwAA4cD8K7kQho19PxoJyNKW5g,"培训大纲：
1. 剑少考试总览
2. 口语评分标准+解读
（1）Starter评分标准+解读+视频示范打分（Zoe）
（2）Movers评分标准+解读+视频示范打分（Jade）
（3）Flyers评分标准+解读+视频示范打分（Chris）
3. 对于考试营的备考建议"
wmqDzZEwAA4cD8K7kQho19PxoJyNKW5g,"@我想要两颗西柚🍊  @Christina 

两位老师以上是周三培训的大纲，两位老师需要负责的就是该等级的评分标准讲解+解读+视频示范打分，PPT最晚明天上午做出来，今天可以先看一下示范视频+剑桥打分及评价 ，视频如下："
wmqDzZEwAA4cD8K7kQho19PxoJyNKW5g,Starters：
wmqDzZEwAA4cD8K7kQho19PxoJyNKW5g,Flyers：
wmqDzZEwAAsls5HMPvGgejsrTMhnblYQ,学习力的我晚点发给您
wmqDzZEwAAsls5HMPvGgejsrTMhnblYQ,老师，能不能麻烦您把最新一周的作业单发给我一下
wmqDzZEwAAbsXp8IIXebEBtPq_didHXg,Ice老师，Lucas的笃笃币合计有误
wmqDzZEwAAsls5HMPvGgejsrTMhnblYQ,谢谢
wmqDzZEwAAbsXp8IIXebEBtPq_didHXg,这是上周的哦
wmqDzZEwAA63BT-xkIx_Ufx8s3ge6AEA,什么我是演说家呀？
wmqDzZEwAAGk4laqkGDu2f7U9pCY1YqA,收到
wmqDzZEwAApbLhRr7jNDgk_swa2edOSw,收到
wmqDzZEwAA2v3C7rV58FOQPrgwvSJ4FA,麻烦哪位家长发一下上星期的笔记呗！谢谢啦[玫瑰][玫瑰][玫瑰]
